keyword,impressions,category,month
cars24,500639,Cars24,2025-08
cars 24,147644,Cars24,2025-08
car 24,85399,Cars24,2025-08
car24,91142,Cars24,2025-08
cars24 challan,36578,Cars24 Challan,2025-08
car24 challan,20802,Cars24 Challan,2025-08
cars24 customer care number,5251,Cars24 Customer Care,2025-08
car 24 challan,10640,Cars24 Challan,2025-08
cars24 challan check,7812,Cars24 Challan,2025-08
cars24 customer care,3288,Cars24 Customer Care,2025-08
e challan cars24,5160,Cars24 Challan,2025-08
cars24 pune,5896,Cars24 Cities,2025-08
cars24 ahmedabad,4964,Cars24 Cities,2025-08
cars24 e challan,3668,Cars24 Challan,2025-08
cars24 chennai,5224,Cars24 Cities,2025-08
cars24 bangalore,4950,Cars24 Cities,2025-08
cars24 coimbatore,4013,Cars24 Cities,2025-08
cars24 lucknow,2571,Cars24 Cities,2025-08
cars24 careers,2205,Others,2025-08
cars24 hyderabad,3663,Cars24 Cities,2025-08
cars24 nagpur,2185,Cars24 Cities,2025-08
cars24 indore,3182,Cars24 Cities,2025-08
car24 challan check,2724,Cars24 Challan,2025-08
cars24 mumbai,2430,Cars24 Cities,2025-08
cars24 near me,10539,Cars24 Cities,2025-08
car24 customer care number,1749,Cars24 Customer Care,2025-08
cars 24 pune,2808,Cars24 Cities,2025-08
cars24 check challan,1602,Cars24 Challan,2025-08
cars 24 bangalore,2917,Cars24 Cities,2025-08
cars24 patna,2247,Cars24 Cities,2025-08
car24 e challan,1815,Cars24 Challan,2025-08
cars24 vadodara,2281,Cars24 Cities,2025-08
cars24 pdi,812,PDI,2025-08
cars24 delhi,2013,Cars24 Cities,2025-08
cars24 surat,2430,Cars24 Cities,2025-08
cars 24 challan,2061,Cars24 Challan,2025-08
cars 24 mumbai,1644,Cars24 Cities,2025-08
challan cars24,1793,Cars24 Challan,2025-08
car 24 customer care number,1033,Cars24 Customer Care,2025-08
echallan cars24,1435,Cars24 Challan,2025-08
cars 24 ahmedabad,1996,Cars24 Cities,2025-08
cars24 gurgaon,1475,Cars24 Cities,2025-08
car24 ahmedabad,2068,Cars24 Cities,2025-08
cars24 kolkata,1449,Cars24 Cities,2025-08
cars24.com,896,Cars24,2025-08
cars24 rajkot,1761,Cars24 Cities,2025-08
cars24 chandigarh,912,Cars24 Cities,2025-08
cars24 fine check,663,Cars24 Challan,2025-08
cars24 kochi,1337,Cars24 Cities,2025-08
car 24.com,1754,Cars24,2025-08
cars 24 delhi,1514,Cars24 Cities,2025-08
cars24 agra,898,Cars24 Cities,2025-08
car 24 ahmedabad,1870,Cars24 Cities,2025-08
cars 24 hyderabad,1893,Cars24 Cities,2025-08
cars24 helpline number,627,Cars24 Customer Care,2025-08
cars24 jaipur,2005,Cars24 Cities,2025-08
car 24 lucknow,1287,Cars24 Cities,2025-08
car24 lucknow,1114,Cars24 Cities,2025-08
car 24 patna,1072,Cars24 Cities,2025-08
cars24 pay challan,410,Cars24 Challan,2025-08
car 24 delhi,1208,Cars24 Cities,2025-08
car 24 mumbai,1050,Cars24 Cities,2025-08
cars24 challan payment,390,Cars24 Challan,2025-08
challan check cars24,1186,Cars24 Challan,2025-08
cars 24 nagpur,912,Cars24 Cities,2025-08
car 24 pune,1267,Cars24 Cities,2025-08
car24 patna,1134,Cars24 Cities,2025-08
cars 24 lucknow,967,Cars24 Cities,2025-08
car24 delhi,763,Cars24 Cities,2025-08
cars24 contact number,1298,Cars24 Customer Care,2025-08
cars24 toll free number,474,Cars24 Customer Care,2025-08
cars24 vehicle details,319,Others,2025-08
car24 pune,1071,Cars24 Cities,2025-08
cars24 customer care toll free number,838,Cars24 Customer Care,2025-08
cars 24 used car,814,Cars24 Buy,2025-08
cars 24 chandigarh,643,Cars24 Cities,2025-08
car 24 indore,1111,Cars24 Cities,2025-08
traffic challan cars24,648,Cars24 Challan,2025-08
cars24 sell car,1911,Cars24 Sell,2025-08
car 24 surat,1020,Cars24 Cities,2025-08
cars 24 patna,727,Cars24 Cities,2025-08
car24 mumbai,680,Cars24 Cities,2025-08
cars24 mysore,676,Cars24 Cities,2025-08
cars 24 kolkata,653,Cars24 Cities,2025-08
car 24 chandigarh,589,Cars24 Cities,2025-08
car24 indore,898,Cars24 Cities,2025-08
cars24 service history,281,Others,2025-08
carz 24,705,Cars24,2025-08
cars 24 gurgaon,980,Cars24 Cities,2025-08
car 24 nagpur,714,Cars24 Cities,2025-08
cars24 nashik,689,Cars24 Cities,2025-08
cars 24 kochi,568,Cars24 Cities,2025-08
cars 24 pdi,297,PDI,2025-08
cars24 buy car,813,Cars24 Buy,2025-08
cars24 used cars,604,Cars24 Buy,2025-08
cars24 helpline,308,Cars24 Customer Care,2025-08
car24 customer care,463,Cars24 Customer Care,2025-08
cars24 bhopal,645,Cars24 Cities,2025-08
cars24 price,818,Cars24 Buy,2025-08
cars24 noida,830,Cars24 Cities,2025-08
cars24 challan status,588,Cars24 Challan,2025-08
"cars24, bangalore",672,Cars24 Cities,2025-08
car24 check challan,580,Cars24 Challan,2025-08
cars24 toll free number india 24 7 delhi,571,Cars24 Customer Care,2025-08
cars24 traffic challan,535,Cars24 Challan,2025-08
new cars cars24,205,Cars24 + Car Model,2025-08
cars 24 jaipur,1089,Cars24 Cities,2025-08
car 24 jaipur,1080,Cars24 Cities,2025-08
car 24 bangalore,1036,Cars24 Cities,2025-08
cars24 faridabad,926,Cars24 Cities,2025-08
car24 jaipur,933,Cars24 Cities,2025-08
car 24 vadodara,583,Cars24 Cities,2025-08
car24 nagpur,507,Cars24 Cities,2025-08
cars24 challan customer care number,217,Cars24 Challan,2025-08
cars24 buy,637,Cars24 Buy,2025-08
e challan car24,400,Cars24 Challan,2025-08
check challan cars24,458,Cars24 Challan,2025-08
cars24 dehradun,870,Cars24 Cities,2025-08
cars24 kanpur,438,Cars24 Cities,2025-08
card24,495,Cars24,2025-08
cars24 ranchi,459,Cars24 Cities,2025-08
car 24 agra,355,Cars24 Cities,2025-08
cars24 head office contact number,1866,Cars24 Customer Care,2025-08
cars24 mohali,573,Cars24 Cities,2025-08
cars24 kompally,1130,Cars24 Cities,2025-08
car24 chennai,516,Cars24 Cities,2025-08
cars24 auction,434,Cars24 Buy,2025-08
car 24 challan check,689,Cars24 Challan,2025-08
car24 bhopal,356,Cars24 Cities,2025-08
pay challan online cars24,153,Cars24 Challan,2025-08
vadodara cars24,179,Cars24 Cities,2025-08
cars24 aurangabad,414,Cars24 Cities,2025-08
cars 24 surat,781,Cars24 Cities,2025-08
cara 24,346,Cars24,2025-08
e challan car 24,269,Cars24 Challan,2025-08
car24 near me,1442,Cars24 Cities,2025-08
cars24 xuv500,160,Cars24 + Car Model,2025-08
car24 surat,745,Cars24 Cities,2025-08
cars24 echallan,254,Cars24 Challan,2025-08
cars24 customer care toll free number india 24x7,452,Cars24 Customer Care,2025-08
car24 kolkata,385,Cars24 Cities,2025-08
cars24 pdi service,196,PDI,2025-08
cars24 memo check,150,Cars24 Challan,2025-08
car24 vadodara,450,Cars24 Cities,2025-08
cars 24 customer care,210,Cars24 Customer Care,2025-08
e challan payment cars24,144,Cars24 Challan,2025-08
cars 24 chennai,528,Cars24 Cities,2025-08
cars 24 nashik,359,Cars24 Cities,2025-08
cars 24 indore,424,Cars24 Cities,2025-08
cars24 india,337,Cars24,2025-08
cars24 career,182,Others,2025-08
cars24 naroda,758,Cars24 Cities,2025-08
car24 bangalore,672,Cars24 Cities,2025-08
car 24 noida,490,Cars24 Cities,2025-08
cars24 bhubaneswar,274,Cars24 Cities,2025-08
cars24 fine,245,Cars24,2025-08
cars 24 coimbatore,384,Cars24 Cities,2025-08
cars24 franchise,188,Cars24,2025-08
cars24 raipur,380,Cars24 Cities,2025-08
car24 pay challan,142,Cars24 Challan,2025-08
cars24.com challan,243,Cars24 Challan,2025-08
cars24 new cars,124,Cars24 + Car Model,2025-08
thar cars24,143,Cars24 + Car Model,2025-08
car 24 gurgaon,469,Cars24 Cities,2025-08
car 24 customer care,245,Cars24 Customer Care,2025-08
cars24 car details,125,Others,2025-08
cars24 valuation,989,Cars24 Sell,2025-08
car 24 kolkata,387,Cars24 Cities,2025-08
cars24 ludhiana,311,Cars24 Cities,2025-08
cars24 number plate check,112,Cars24,2025-08
cars24 second hand cars,239,Cars24 Buy,2025-08
car24 vehicle details,129,Others,2025-08
cars24 delhi ncr,181,Cars24 Cities,2025-08
cars24 zirakpur,273,Cars24,2025-08
car 24 used car,597,Cars24 Buy,2025-08
car 24 chennai,385,Cars24 Cities,2025-08
cars24 chennai used cars,202,Cars24 Buy,2025-08
cars24 customer care number india,283,Cars24 Customer Care,2025-08
car24 careers,134,Others,2025-08
car24 buy car,367,Cars24 Buy,2025-08
car 24 bhopal,326,Cars24 Cities,2025-08
cars24 login,225,Others,2025-08
car 24 toll free number,184,Cars24 Customer Care,2025-08
cars24 gwalior,253,Cars24 Cities,2025-08
car 24 customer care no,218,Cars24 Customer Care,2025-08
cars24 meerut,388,Cars24 Cities,2025-08
cars24 ghaziabad,363,Cars24 Cities,2025-08
cars24 vijayawada,458,Cars24 Cities,2025-08
cars24 jobs,367,Others,2025-08
cars24 tathawade,866,Cars24 Cities,2025-08
cars24 elite,313,ELITE,2025-08
cars24 goa,293,Cars24 Cities,2025-08
car 24 e challan,378,Cars24 Challan,2025-08
cars 24.com,180,Cars24,2025-08
cars24 guwahati,246,Cars24 Cities,2025-08
car24 agra,204,Cars24 Cities,2025-08
car24 helpline number,162,Cars24 Customer Care,2025-08
pdi cars24,122,PDI,2025-08
cars 24 noida,496,Cars24 Cities,2025-08
car 24 rajkot,476,Cars24 Cities,2025-08
cars 24 mysore,275,Cars24 Cities,2025-08
cars24 scrap car,192,Cars24,2025-08
cars24 online challan,317,Cars24 Challan,2025-08
cars24 thane,290,Cars24 Cities,2025-08
cars24 second hand car,241,Cars24 Buy,2025-08
cars24 udaipur,484,Cars24 Cities,2025-08
cars24 toll free number india 24x7,231,Cars24 Customer Care,2025-08
cars 24 second hand car,301,Cars24 Buy,2025-08
honda city cars24,116,Cars24 + Car Model,2025-08
cars24 jodhpur,361,Cars24 Cities,2025-08
cars24 gorakhpur,198,Cars24 Cities,2025-08
cars24 thiruverkadu,909,Cars24 Cities,2025-08
car 24 pdi,126,PDI,2025-08
cars24 review,579,Others,2025-08
cars24 vapi,237,Cars24,2025-08
cars 24 careers,116,Others,2025-08
cars24 inspection,241,Cars24,2025-08
cars24 jammu,177,Cars24 Cities,2025-08
car 24 helpline number,146,Cars24 Customer Care,2025-08
car 24 kochi,305,Cars24 Cities,2025-08
car24 gurgaon,263,Cars24 Cities,2025-08
cars24 dombivli,367,Cars24 Cities,2025-08
cars24 rc status,80,Cars24,2025-08
cars24 madurai,335,Cars24 Cities,2025-08
car24 toll free number,129,Cars24 Customer Care,2025-08
cars24 customer care no,117,Cars24 Customer Care,2025-08
cars24 rc check,83,Others,2025-08
cars24 jamshedpur,212,Cars24 Cities,2025-08
cars24 jabalpur,207,Cars24 Cities,2025-08
car24 traffic challan,191,Cars24 Challan,2025-08
e challan check cars24,308,Cars24 Challan,2025-08
cars24 customer care toll free number india 24x7 delhi,224,Cars24 Customer Care,2025-08
used cars cars24,144,Cars24 Buy,2025-08
scorpio n cars24,76,Cars24 + Car Model,2025-08
cars24 jakkur,897,Cars24 Cities,2025-08
cars24 vizag,316,Cars24 Cities,2025-08
car24 kochi,309,Cars24 Cities,2025-08
car 24 chalan,255,Cars24 Challan,2025-08
cars24 trivandrum,219,Cars24 Cities,2025-08
car24 used car,327,Cars24 Buy,2025-08
cars24 luxury cars,92,Cars24 Buy,2025-08
cars24 car valuation,426,Cars24 Sell,2025-08
car24 rajkot,405,Cars24 Cities,2025-08
cars 24 kompally,396,Cars24 Cities,2025-08
car24 hyderabad,316,Cars24 Cities,2025-08
cars24 email id,295,Cars24,2025-08
cars24 new car,89,Cars24 Buy,2025-08
polo cars24,77,Cars24 + Car Model,2025-08
car24 dehradun,226,Cars24 Cities,2025-08
cars24 loan,158,Cars24 Buy,2025-08
cars24 bachupally,475,Cars24 Cities,2025-08
cars24 coimbatore used cars,211,Cars24 Buy,2025-08
cars24 emi calculator,79,Cars24 Buy,2025-08
cars24 challan pay,73,Cars24 Challan,2025-08
cars24 rto check,73,Others,2025-08
car 24 ranchi,170,Cars24 Cities,2025-08
cars24 toll free number india 24 7 mumbai,156,Cars24 Customer Care,2025-08
cars24 mumbai used cars,130,Cars24 Buy,2025-08
fortuner cars24,83,Cars24 + Car Model,2025-08
cars24 internship,156,Others,2025-08
cars24 fortuner,85,Cars24 + Car Model,2025-08
cars24 bareilly,198,Cars24 Cities,2025-08
car24 kanpur,110,Cars24 Cities,2025-08
cars24 careers india,92,Others,2025-08
cars24 kerala,158,Cars24 Cities,2025-08
cars24 toll free number india 24 7,135,Cars24 Customer Care,2025-08
cars24 anand,208,Cars24 Cities,2025-08
car24 jabalpur,118,Cars24 Cities,2025-08
tata harrier cars24,74,Cars24 + Car Model,2025-08
cars24 xuv700,71,Cars24 + Car Model,2025-08
cars24 bangalore used cars,255,Cars24 Buy,2025-08
cars24 network,683,Cars24,2025-08
cars24 jalandhar,126,Cars24 Cities,2025-08
cars24 thar,78,Cars24 + Car Model,2025-08
cars24 customer care toll free number india,185,Cars24 Customer Care,2025-08
car24 login,98,Others,2025-08
cars24 newtown,77,Cars24,2025-08
car24 challan customer care number,74,Cars24 Challan,2025-08
cars24 attapur,438,Cars24,2025-08
cars24 complaint email id,183,Cars24 Customer Care,2025-08
car24 ranchi,152,Cars24 Cities,2025-08
cars 24 check challan,109,Cars24 Challan,2025-08
cars24 loan customer care number,105,Cars24 Customer Care,2025-08
cars24 scorpio,77,Cars24 + Car Model,2025-08
cars24 e challan customer care number,70,Cars24 Challan,2025-08
cars 24 career,68,Others,2025-08
cars 24 near me,1003,Cars24 Cities,2025-08
cars24 trichy,191,Cars24 Cities,2025-08
cars24 complaint number,101,Cars24 Customer Care,2025-08
cars24 sale car,95,Cars24,2025-08
cars24 services private limited,433,Others,2025-08
tata safari cars24,67,Cars24 + Car Model,2025-08
cars24 mulund,518,Cars24,2025-08
cars 24 faridabad,439,Cars24 Cities,2025-08
cars 24 challan check,219,Cars24 Challan,2025-08
car 24 second hand car,156,Cars24 Buy,2025-08
cars24 ahmedabad used cars,109,Cars24 Buy,2025-08
cars24 view challan,107,Cars24 Challan,2025-08
cars24 car inspection,106,Cars24,2025-08
cars24 rc transfer status,70,Others,2025-08
cars24 navalur,535,Cars24,2025-08
cars24 rohtak,193,Cars24 Cities,2025-08
cars24 kolhapur,181,Cars24 Cities,2025-08
cars24 belgaum,141,Cars24 Cities,2025-08
cars24 customer care number india 24x7,139,Cars24 Customer Care,2025-08
cars24 honda city,86,Cars24 + Car Model,2025-08
cars24 alto k10,77,Cars24 + Car Model,2025-08
tata tiago cars24,73,Cars24 + Car Model,2025-08
cars24 sell bike,138,Cars24 Sell,2025-08
scorpio cars24,74,Cars24 + Car Model,2025-08
car24 rc details,56,Others,2025-08
car 24 nashik,220,Cars24 Cities,2025-08
cars24 mangalore,182,Cars24 Cities,2025-08
cars24 sonipat,163,Cars24,2025-08
cars24 moradabad,147,Cars24 Cities,2025-08
cars24 amravati,93,Cars24 Cities,2025-08
car24 anand,92,Cars24 Cities,2025-08
cars24 loan against car,86,Cars24 Buy,2025-08
cars24 support,75,Cars24 Customer Care,2025-08
cars24 ev cars,65,Cars24 Buy,2025-08
xuv700 cars24,62,Cars24 + Car Model,2025-08
cars24 customer care number delhi delhi 24x7,177,Cars24 Customer Care,2025-08
car24.com,169,Cars24,2025-08
second hand cars24,144,Cars24 Buy,2025-08
cars24 pdi review,111,PDI,2025-08
cars24 pdi customer care number,60,PDI,2025-08
cars24 pre delivery inspection,59,PDI,2025-08
new cars cars24 triber,56,Cars24 + Car Model,2025-08
cars 24 ghaziabad,224,Cars24 Cities,2025-08
car 24 ludhiana,146,Cars24 Cities,2025-08
cars 24 customer care number,88,Cars24 Customer Care,2025-08
cars24 complaint,82,Cars24 Customer Care,2025-08
cars24 baleno,69,Cars24 + Car Model,2025-08
challan car 24,220,Cars24 Challan,2025-08
car 24 kanpur,114,Cars24 Cities,2025-08
cars24 automatic cars,83,Cars24 Buy,2025-08
cars 24 login,80,Others,2025-08
cars24 owner details,74,Others,2025-08
verna cars24,73,Cars24 + Car Model,2025-08
cars24 used cars bangalore,71,Cars24 Buy,2025-08
cars24 navi mumbai,259,Cars24 Cities,2025-08
car24 second hand car,134,Cars24 Buy,2025-08
cars24 partner,113,Cars24,2025-08
cars 24 india,79,Cars24,2025-08
tata punch cars24,70,Cars24 + Car Model,2025-08
cars24 rto,49,Others,2025-08
cars24 aligarh,116,Cars24 Cities,2025-08
cars 24 used cars,107,Cars24 Buy,2025-08
car 24challan,78,Cars24 Challan,2025-08
cars 24 carrer,52,Cars24,2025-08
cars24 uae,490,Cars24,2025-08
car24 coimbatore,180,Cars24 Cities,2025-08
cars24india,172,Cars24,2025-08
cars24 website,123,Cars24,2025-08
cars 24 echallan,87,Cars24 Challan,2025-08
creta cars24,81,Cars24 + Car Model,2025-08
tata altroz cars24,59,Cars24 + Car Model,2025-08
innova crysta cars24,50,Cars24 + Car Model,2025-08
cars24 contact number near me,674,Cars24 Customer Care,2025-08
cars 24 in pune,91,Cars24 Cities,2025-08
car24 gorakhpur,83,Cars24 Cities,2025-08
cars24 commercial car,73,Cars24,2025-08
online challan check cars24,175,Cars24 Challan,2025-08
cars24 salem,158,Cars24 Cities,2025-08
cars24 e-challan,108,Cars24 Challan,2025-08
www.car24.com india,75,Cars24,2025-08
cars24 swift,70,Cars24 + Car Model,2025-08
cars24 scrap,66,Cars24,2025-08
alto k10 cars24,63,Cars24 + Car Model,2025-08
honda civic cars24,47,Cars24 + Car Model,2025-08
cars24 online challan payment,46,Cars24 Challan,2025-08
cars24 vadapalani,439,Cars24,2025-08
car24 contact number,277,Cars24 Customer Care,2025-08
car24 india,110,Cars24,2025-08
car24 online challan,105,Cars24 Challan,2025-08
cars 24 loan,84,Cars24 Buy,2025-08
car 24e chalan,83,Cars24 Challan,2025-08
cars24 pune near me,78,Cars24 Cities,2025-08
car challan cars24,76,Cars24 Challan,2025-08
i20 cars24,68,Cars24 + Car Model,2025-08
fronx cars24,61,Cars24 + Car Model,2025-08
cars24 ertiga,60,Cars24 + Car Model,2025-08
jimny cars24,46,Cars24 + Car Model,2025-08
cars24 dhanbad,106,Cars24 Cities,2025-08
car24 customer care number india 24x7,100,Cars24 Customer Care,2025-08
cars24 exchange offer,81,Cars24,2025-08
cars24 verna,63,Cars24 + Car Model,2025-08
cars24 e memo,48,Cars24 Challan,2025-08
cars 24 rto,47,Others,2025-08
car24 valuation,242,Cars24 Sell,2025-08
cars24 bengaluru,107,Cars24 Cities,2025-08
cars24 pune used cars,92,Cars24 Buy,2025-08
cars24 vehicle history,71,Cars24,2025-08
cars24 car price,64,Cars24 Buy,2025-08
cars24 polo,57,Cars24 + Car Model,2025-08
cars24 luxe,55,Cars24,2025-08
cars24 innova crysta,49,Cars24 + Car Model,2025-08
car24 career,49,Others,2025-08
pay challan cars24,42,Cars24 Challan,2025-08
car24 sell car,371,Cars24 Sell,2025-08
sell car on cars24,249,Cars24 Sell,2025-08
cars24 financial services private limited,153,Cars24 Buy,2025-08
used cars24,109,Cars24 Buy,2025-08
cars24.,80,Cars24,2025-08
cars24 creta,59,Cars24 + Car Model,2025-08
cars24 office,610,Cars24,2025-08
cars24 seawoods,339,Cars24,2025-08
cars24 number,274,Cars24,2025-08
cars24 hubli,250,Cars24 Cities,2025-08
cars24 noida sector 18,227,Cars24 Cities,2025-08
cars24 job vacancy,199,Others,2025-08
cars24 gandhinagar,186,Cars24 Cities,2025-08
cars24 kharbi,159,Cars24,2025-08
cars 24 chalan,143,Cars24 Challan,2025-08
cars24 online,90,Cars24,2025-08
swift cars24,68,Cars24 + Car Model,2025-08
cars24 ertiga cng,64,Cars24 + Car Model,2025-08
ertiga cars24,57,Cars24 + Car Model,2025-08
cars 24 delhi ncr,53,Cars24 Cities,2025-08
ford endeavour cars24,47,Cars24 + Car Model,2025-08
xuv 700 cars24,43,Cars24 + Car Model,2025-08
cars24 rudrapur,122,Cars24,2025-08
car24 raipur,92,Cars24 Cities,2025-08
cars24 agartala,77,Cars24 Cities,2025-08
cars24 dealership,60,Cars24,2025-08
brezza cars24,57,Cars24 + Car Model,2025-08
cars24 pdi charges,53,PDI,2025-08
car24 ahmedabad used cars,51,Cars24 Buy,2025-08
jeep compass cars24,48,Cars24 + Car Model,2025-08
skoda slavia cars24,45,Cars24 + Car Model,2025-08
cars24 scorpio n,44,Cars24 + Car Model,2025-08
cars24 founder,514,Cars24,2025-08
cars24 kandivali,301,Cars24,2025-08
car24 naroda,125,Cars24 Cities,2025-08
cars24 solapur,108,Cars24 Cities,2025-08
cars24 finance,79,Cars24,2025-08
cars24 naroda ahmedabad,54,Cars24 Cities,2025-08
nissan magnite cars24,49,Cars24 + Car Model,2025-08
cars24 customer care number bangalore,253,Cars24 Customer Care,2025-08
cars 24 rohini,172,Cars24,2025-08
cars24 financial services,145,Cars24 Buy,2025-08
cars24 guntur,93,Cars24 Cities,2025-08
car 24 raipur,89,Cars24 Cities,2025-08
cars24 pondicherry,81,Cars24 Cities,2025-08
cars24 challan helpline number,57,Cars24 Challan,2025-08
cars 24 helpline,49,Cars24 Customer Care,2025-08
honda amaze cars24,47,Cars24 + Car Model,2025-08
tata nano cars24,39,Cars24 + Car Model,2025-08
cars24 jeep compass,38,Cars24 + Car Model,2025-08
car24 challan payment,35,Cars24 Challan,2025-08
cars24 network.com,332,Cars24,2025-08
cars24 sector 18,219,Cars24,2025-08
car 24 sale,180,Cars24,2025-08
cars24 varanasi,151,Cars24 Cities,2025-08
car24 used cars,138,Cars24 Buy,2025-08
cars24 tirupati,136,Cars24 Cities,2025-08
cars24 bhavnagar,110,Cars24 Cities,2025-08
cars24 latur,109,Cars24,2025-08
cars24 siliguri,104,Cars24 Cities,2025-08
cars24 loan interest rate,86,Cars24 Buy,2025-08
cars 24 vadodara,80,Cars24 Cities,2025-08
cars24 alto 800,58,Cars24 + Car Model,2025-08
cars24 swift dzire,58,Cars24 + Car Model,2025-08
baleno cars24,56,Cars24 + Car Model,2025-08
cars24 finance customer care number,45,Cars24 Customer Care,2025-08
cars24 under 1 lakh,44,Cars24,2025-08
kia seltos cars24,43,Cars24 + Car Model,2025-08
mg hector cars24,42,Cars24 + Car Model,2025-08
grand vitara cars24,41,Cars24 + Car Model,2025-08
cars24 axle,944,Cars24 Buy,2025-08
cars24 kota,147,Cars24 Cities,2025-08
car valuation cars24,117,Cars24 Sell,2025-08
cars24 gulbarga,114,Cars24 Cities,2025-08
cars24®,112,Cars24,2025-08
cars24 amritsar,102,Cars24 Cities,2025-08
car 24 check challan,94,Cars24 Challan,2025-08
cars24 blusmart,64,Cars24,2025-08
thar cars 24,42,Cars24 + Car Model,2025-08
cars24 nissan magnite,41,Cars24 + Car Model,2025-08
cars24 amanora,306,Cars24,2025-08
cars24 reviews,155,Others,2025-08
cars24 challan up,112,Cars24 Challan,2025-08
car 24 buy,103,Cars24 Buy,2025-08
www.cars24.com,95,Cars24,2025-08
car24 challan status,87,Cars24 Challan,2025-08
car 24 .com,81,Cars24,2025-08
car24 auction,68,Cars24 Buy,2025-08
car 24 buy car,66,Cars24 Buy,2025-08
cars24 nanded,65,Cars24 Cities,2025-08
cartruth by cars24,61,Cars24,2025-08
cars24 tata punch,46,Cars24 + Car Model,2025-08
ignis cars24,39,Cars24 + Car Model,2025-08
cars24 customer care number mumbai,164,Cars24 Customer Care,2025-08
car 24 amritsar,114,Cars24 Cities,2025-08
cars24 second hand car price,77,Cars24 Buy,2025-08
cars247,72,Cars24,2025-08
care@cars24.com,69,Cars24,2025-08
cars 24 in madurai,67,Cars24 Cities,2025-08
cars24 brezza,51,Cars24 + Car Model,2025-08
