keyword,impressions,category,month
cars24,34080,Cars24,2025-08
cars 24,11738,Cars24,2025-08
car24,5744,Cars24,2025-08
cars24 uae,4643,Cars24,2025-08
car 24,4186,Cars24,2025-08
24 cars,1481,Cars24,2025-08
cars24 dubai,1318,Cars24 Cities,2025-08
car24 uae,905,Cars24,2025-08
cars24 jebel ali,666,Cars24,2025-08
cars24 abu dhabi,536,Cars24 Cities,2025-08
cars24 uae reviews,466,Others,2025-08
cars 24 uae,359,Cars24,2025-08
cars24 mrl,350,Cars24,2025-08
cars24uae,278,Cars24,2025-08
cars24 india,258,Cars24,2025-08
24 cars uae,253,Cars24,2025-08
cars24 contact number,221,Cars24 Customer Care,2025-08
cars24 inspection center - barsha heights,220,Cars24,2025-08
cars24 sharjah,187,Cars24 Cities,2025-08
cars 24 dubai,183,Cars24 Cities,2025-08
"cars24 hub - millennium place hotel (16th floor), barsha heights",164,Cars24,2025-08
cars24 review,162,Others,2025-08
cars24 kerala,145,Cars24 Cities,2025-08
cars 24 india,141,Cars24,2025-08
"cars24 mrl (test drive & service centre in dubai) | used cars in uae, servicing in dubai photos",136,Cars24 Buy,2025-08
car24 india,136,Cars24,2025-08
cars24 location,128,Cars24,2025-08
"cars24 mrl (test drive & service centre in dubai) | used cars in uae, servicing in dubai reviews",122,Cars24 Buy,2025-08
car24 used car,119,Cars24 Buy,2025-08
car24 dubai,114,Cars24 Cities,2025-08
cars24 uae | sell any car dubai - best car valuation ras al khor,113,Cars24 Sell,2025-08
cars24 review uae,111,Others,2025-08
car 24 uae,108,Cars24,2025-08
cars24 inspection center - burjuman,107,Cars24,2025-08
cars24 ras al khor,106,Cars24,2025-08
cars24 near me,102,Cars24 Cities,2025-08
cars24 careers,100,Others,2025-08
cars24 india used cars,98,Cars24 Buy,2025-08
cars24india,96,Cars24,2025-08
car 24 kerala,92,Cars24 Cities,2025-08
24 car,89,Cars24,2025-08
cars24 uae | sell any car dubai - best car valuation,88,Cars24 Sell,2025-08
car24uae,82,Cars24,2025-08
cars24 customer care,75,Cars24 Customer Care,2025-08
cars24 sell car,75,Cars24 Sell,2025-08
cars24 inspection center - al quoz,74,Cars24,2025-08
cars 24 used car,73,Cars24 Buy,2025-08
cars24 dubai location,73,Cars24 Cities,2025-08
car24 abu dhabi,72,Cars24 Cities,2025-08
cars24 service,72,Cars24,2025-08
24 car sale,70,Cars24,2025-08
cars24 uae contact number,69,Cars24 Customer Care,2025-08
cars24 abu dhabi reviews,68,Others,2025-08
cars24 dubai reviews,64,Others,2025-08
cars24 buy,63,Cars24 Buy,2025-08
24 cars dubai,63,Cars24 Cities,2025-08
cars24 mrl dubai,63,Cars24 Cities,2025-08
cars24 uae used cars,61,Cars24 Buy,2025-08
cars24 arabia,61,Cars24,2025-08
cars24 price,61,Cars24 Buy,2025-08
cars24 hub,60,Cars24,2025-08
cars24 uae careers,57,Others,2025-08
cars24 dubai office,57,Cars24 Cities,2025-08
cars 24 ae,56,Cars24,2025-08
cars24.ae,55,Cars24,2025-08
cars24 ae,55,Cars24,2025-08
cars24 reviews,55,Others,2025-08
cars24 rent a car,52,Cars24,2025-08
cars 24 service,52,Cars24,2025-08
cars24 customer care number,51,Cars24 Customer Care,2025-08
cars24 showroom,51,Cars24,2025-08
"cars24 mrl (test drive & service centre in dubai) | used cars in uae, servicing in dubai منطقة جبل علي الصناعية",51,Cars24 Buy,2025-08
cars 247,50,Cars24,2025-08
used cars24,50,Cars24 Buy,2025-08
cars24 mushrif mall,50,Cars24,2025-08
cars24 buy car,49,Cars24 Buy,2025-08
cars24 owner,49,Cars24,2025-08
cars24 jebel ali location,48,Cars24,2025-08
cars24 working hours,48,Cars24,2025-08
cars 24 abu dhabi,47,Cars24 Cities,2025-08
cars24 india website,46,Cars24,2025-08
cars24 dubai used cars,46,Cars24 Buy,2025-08
cars24 aweer,45,Cars24,2025-08
cars24 sell,44,Cars24 Sell,2025-08
cars24 valuation,44,Cars24 Sell,2025-08
cars 24 showroom,43,Cars24,2025-08
cars24 yard,43,Cars24,2025-08
cars24 in kerala,42,Cars24 Cities,2025-08
cars24 warehouse,42,Cars24,2025-08
cars24 online,41,Cars24,2025-08
cars 24 sell,41,Cars24 Sell,2025-08
cars24 car valuation,41,Cars24 Sell,2025-08
cars24 contact,41,Cars24,2025-08
cars 24 com,41,Cars24,2025-08
cars24.in,41,Cars24,2025-08
cars 24 app,40,Cars24,2025-08
cars24 uae location,40,Cars24,2025-08
cars24 test drive,40,Cars24,2025-08
cars24.com,39,Cars24,2025-08
cars24 abu dhabi centre | buy & sell used cars photos,39,Cars24 Sell,2025-08
cars 24 hub,39,Cars24,2025-08
cars24 login,39,Others,2025-08
cars24 google reviews,38,Others,2025-08
car24 sell car,38,Cars24 Sell,2025-08
cars 24 jebel ali,38,Cars24,2025-08
cars24 for sale,38,Cars24,2025-08
cars24 in dubai,38,Cars24 Cities,2025-08
cars24 uae website,38,Cars24,2025-08
cars24 free home inspection,38,Cars24,2025-08
cars24 uae photos,38,Cars24,2025-08
cars24 sell my car,37,Cars24 Sell,2025-08
my cars24,37,Cars24,2025-08
cars24 ad,37,Cars24,2025-08
24 car wash near me,37,Cars24 Cities,2025-08
cars24 ksa,37,Cars24,2025-08
cars24 dubai contact number,36,Cars24 Customer Care,2025-08
cars24 car sale,36,Cars24,2025-08
cars 24 mangalore,36,Cars24 Cities,2025-08
cars 24x7,36,Cars24,2025-08
cars24 hub jebel ali,36,Cars24,2025-08
cars24 locations,36,Cars24,2025-08
car 24 jebel ali,35,Cars24,2025-08
cars 24 in dubai,35,Cars24 Cities,2025-08
cars24 book appointment,35,Cars24,2025-08
cars24 buy new car,35,Cars24 Buy,2025-08
cars 24 website,35,Cars24,2025-08
cars24 website,35,Cars24,2025-08
second hand cars24,35,Cars24 Buy,2025-08
used cars cars24,35,Cars24 Buy,2025-08
cars24 al quoz,34,Cars24,2025-08
cars 24 review,34,Others,2025-08
cars 24 login,34,Others,2025-08
cars24 cars,34,Cars24,2025-08
cars24 email address,34,Cars24,2025-08
car 24 india,34,Cars24,2025-08
cars 24 yard,34,Cars24,2025-08
cars cars24,34,Cars24,2025-08
cars24 advertisement,34,Cars24,2025-08
cars24 offers,34,Cars24,2025-08
cars24 online auction,34,Cars24 Buy,2025-08
cars24 sale,34,Cars24,2025-08
cars24 second hand cars,34,Cars24 Buy,2025-08
cars24 site,34,Cars24,2025-08
new cars24,34,Cars24 + Car Model,2025-08
uae cars24,34,Cars24,2025-08
buy cars24,33,Cars24 Buy,2025-08
cars 24 used car buy,33,Cars24 Buy,2025-08
24 car sell,33,Cars24 Sell,2025-08
car 24 com,33,Cars24,2025-08
car24 buy,33,Cars24 Buy,2025-08
cars24 7,33,Cars24,2025-08
cars24 pre owned cars,33,Cars24,2025-08
cars24 saudi,33,Cars24,2025-08
cars24 sell your car,33,Cars24 Sell,2025-08
sell car on cars24,33,Cars24 Sell,2025-08
cars24 contact number uae,32,Cars24 Customer Care,2025-08
mrl cars24,32,Cars24,2025-08
cars24 car price,32,Cars24 Buy,2025-08
cars24 cars for sale,32,Cars24,2025-08
cars24 in uae,32,Cars24,2025-08
cars24com,32,Cars24,2025-08
sell car in cars24,32,Cars24 Sell,2025-08
used cars cars 24,32,Cars24 Buy,2025-08
used cars in cars24,32,Cars24 Buy,2025-08
www cars24,32,Cars24,2025-08
www cars24 com,32,Cars24,2025-08
www cars24 com used cars,32,Cars24 Buy,2025-08
www.cars24.com dubai,31,Cars24 Cities,2025-08
cars24 contact number dubai,31,Cars24 Customer Care,2025-08
cars 24 kerala,31,Cars24 Cities,2025-08
cars24 used,31,Cars24,2025-08
cars24 careers uae,30,Others,2025-08
cars 24 in india,30,Cars24,2025-08
cars 24 ksa,30,Cars24,2025-08
cars cars 247,30,Cars24,2025-08
cars24 uae google reviews,29,Others,2025-08
carz 24,29,Cars24,2025-08
cars24 service centre,28,Cars24,2025-08
cars24 number,28,Cars24,2025-08
car24 ksa,28,Cars24,2025-08
cars24 cashback,28,Cars24,2025-08
https //www.cars24.com india,28,Cars24,2025-08
car 24 dubai,27,Cars24 Cities,2025-08
cars24 mrl (test dri,27,Cars24,2025-08
online cars 24,27,Cars24,2025-08
sell your car cars24,27,Cars24 Sell,2025-08
card24,26,Cars24,2025-08
cars24 location dubai,26,Cars24 Cities,2025-08
cars24 showroom dubai,25,Cars24 Cities,2025-08
cars24 mrl (test drive & service centre in dubai) | used cars in uae,25,Cars24 Buy,2025-08
online cars24,25,Cars24,2025-08
cars 24 showroom near me,24,Cars24 Cities,2025-08
cars24 used cars,23,Cars24 Buy,2025-08
cars247,23,Cars24,2025-08
car24 mrl,23,Cars24,2025-08
cars 24 location,22,Cars24,2025-08
cars24 corporate off,22,Cars24,2025-08
car 24 used cars,21,Cars24 Buy,2025-08
cars24 office dubai,21,Cars24 Cities,2025-08
"cars24 mrl (test drive & service centre in dubai) | used cars in uae, servicing in dubai",21,Cars24 Buy,2025-08
jebel ali cars24,21,Cars24,2025-08
cars24 abu dhabi photos,21,Cars24 Cities,2025-08
is cars24 reliable,21,Cars24,2025-08
buy a car cars24,21,Cars24 Buy,2025-08
used car on cars24,21,Cars24 Buy,2025-08
used cars 24,20,Cars24 Buy,2025-08
cars 24.com,20,Cars24,2025-08
cars24 showroom near me,20,Cars24 Cities,2025-08
used car 24,20,Cars24 Buy,2025-08
cars24 jebel ali contact number,20,Cars24 Customer Care,2025-08
24 car buy,20,Cars24 Buy,2025-08
cars24 jebel ali industrial area 1,20,Cars24,2025-08
cars24.com india,20,Cars24,2025-08
www cars24 com dubai,20,Cars24 Cities,2025-08
cars24 office,19,Cars24,2025-08
cars24 reviews uae,19,Others,2025-08
car24 kerala,19,Cars24 Cities,2025-08
used cars in cars 24,19,Cars24 Buy,2025-08
car 24.com,18,Cars24,2025-08
cara 24,18,Cars24,2025-08
cars24 uae review,18,Others,2025-08
cars 24 resale,18,Cars24,2025-08
team cars24,18,Cars24,2025-08
cars247 uae,17,Cars24,2025-08
car24 used car buy,17,Cars24 Buy,2025-08
cars 24 reviews,17,Others,2025-08
cars24 second car,17,Cars24,2025-08
dubai cars24,16,Cars24 Cities,2025-08
car 24 * 7,16,Cars24,2025-08
car24 review,16,Others,2025-08
car24 used,16,Cars24,2025-08
cars 24 x 7,16,Cars24,2025-08
buy used car from cars24,15,Cars24 Buy,2025-08
car24 com uae,15,Cars24,2025-08
cars24 com dubai,15,Cars24 Cities,2025-08
cars24 com uae,15,Cars24,2025-08
cars24 helpline,14,Cars24 Customer Care,2025-08
dubai cars 24,14,Cars24 Cities,2025-08
cars24 customer service,14,Cars24 Customer Care,2025-08
cars24 test drive hub | buy & sell second hand car jebel ali industrial area reviews,14,Cars24 Sell,2025-08
cars24 auction,13,Cars24 Buy,2025-08
cars24 head office contact number,13,Cars24 Customer Care,2025-08
chauffeur cars24,13,Cars24,2025-08
24 car rental,13,Cars24,2025-08
car24 near me,13,Cars24 Cities,2025-08
cars24 app,13,Cars24,2025-08
cars24 india app,13,Cars24,2025-08
cars24 timing,13,Cars24,2025-08
site:www.cars24.ae,13,Cars24,2025-08
cars 24/7,12,Cars24,2025-08
cars24 phone number,12,Cars24,2025-08
cars24 driver job,12,Others,2025-08
cars24 jobs in dubai,12,Others,2025-08
cars 24 near me,12,Cars24 Cities,2025-08
cars24 careers dubai,12,Others,2025-08
cars24 dubai careers,12,Others,2025-08
car 247,12,Cars24,2025-08
cars24 mrl ( test drive hub & service centre) | buy & sell used car,12,Cars24 Sell,2025-08
car24.com,11,Cars24,2025-08
car 24 contact number,11,Cars24 Customer Care,2025-08
cars24.com uae,11,Cars24,2025-08
cars24 australia,11,Cars24,2025-08
cars24 inspection,11,Cars24,2025-08
car 24/7,10,Cars24,2025-08
cars24 customer care uae,10,Cars24 Customer Care,2025-08
cars24 branches,10,Cars24,2025-08
cars24 dubai jebel ali,10,Cars24 Cities,2025-08
cars24 service number,10,Cars24,2025-08
recovery car 24/24,10,Cars24,2025-08
what is cars24,10,Cars24,2025-08
www.cars24.com,10,Cars24,2025-08
cars24 barsha,9,Cars24,2025-08
cars24 near me location,9,Cars24 Cities,2025-08
cars24 toll free number,9,Cars24 Customer Care,2025-08
cars24 uae reviews complaints,9,Cars24 Customer Care,2025-08
cars24 al barsha,9,Cars24,2025-08
cars24 company,9,Cars24,2025-08
cars24 coupon,9,Cars24,2025-08
cars24.,9,Cars24,2025-08
cars24/7,9,Cars24,2025-08
cars24 jobs,9,Others,2025-08
cars24 saudi arabia,9,Cars24,2025-08
cars24 service center,8,Cars24,2025-08
cars 24 contact,8,Cars24,2025-08
cars24 driver,8,Cars24,2025-08
cars24 rental,8,Cars24,2025-08
car24 contact number,8,Cars24 Customer Care,2025-08
cars 24 used cars,8,Cars24 Buy,2025-08
nissan kicks cars24,8,Cars24,2025-08
car24 career,8,Others,2025-08
cars24 call center,8,Cars24,2025-08
cars24 evaluation,8,Cars24 Sell,2025-08
cars24 location near me,8,Cars24 Cities,2025-08
cars24 logo,8,Others,2025-08
cars24 zero down payment,8,Cars24,2025-08
2024 cars,8,Cars24,2025-08
car247,8,Cars24,2025-08
cars24 complaint email id,8,Cars24 Customer Care,2025-08
cars24 office near me,8,Cars24 Cities,2025-08
toyota yaris cars24,8,Cars24,2025-08
cars 24 customer care,7,Cars24 Customer Care,2025-08
cars 24 number,7,Cars24,2025-08
cars24 warranty,7,Cars24,2025-08
cars24 whatsapp number,7,Cars24,2025-08
honda civic cars24,7,Cars24 + Car Model,2025-08
bmw cars 24,7,Cars24 + Car Model,2025-08
cars24 uae jobs,7,Others,2025-08
cars 24.in,7,Cars24,2025-08
cars 24\,7,Cars24,2025-08
cars24 google review,7,Others,2025-08
cars24 review complaints,7,Cars24 Customer Care,2025-08
cars24 selling review,7,Others,2025-08
car24 buy car,6,Cars24 Buy,2025-08
car24 customer care,6,Cars24 Customer Care,2025-08
cars24 email id,6,Cars24,2025-08
cars24 car service,6,Cars24,2025-08
cars24 complaints,6,Cars24 Customer Care,2025-08
cars24 toll free number india 24 7 delhi,6,Cars24 Customer Care,2025-08
car 24 phone number,6,Cars24,2025-08
car 24 sell car,6,Cars24 Sell,2025-08
car24 customer care number,6,Cars24 Customer Care,2025-08
car24 location,6,Cars24,2025-08
cars 24 driver,6,Cars24,2025-08
cars24 inspection charges,6,Cars24,2025-08
24 cars for sale,6,Cars24,2025-08
car24 challan,6,Cars24 Challan,2025-08
car24 office near me,6,Cars24 Cities,2025-08
cars 24 jobs,6,Others,2025-08
cars 24 kochi,6,Cars24 Cities,2025-08
cars 24 south africa,6,Cars24,2025-08
cars24 career,6,Others,2025-08
cars24 challan,6,Cars24 Challan,2025-08
cars24 corporate office | used cars in dubai reviews,6,Cars24 Buy,2025-08
cars24 helpline number,6,Cars24 Customer Care,2025-08
cars24 inspection center - production city,6,Cars24,2025-08
cars24 owner name,6,Cars24,2025-08
cars24ae,6,Cars24,2025-08
site:www.cars24.com,6,Cars24,2025-08
cars 24 loan,5,Cars24 Buy,2025-08
cars 24 call,5,Cars24,2025-08
cars24 complaint,5,Cars24 Customer Care,2025-08
cars24 jimny,5,Cars24 + Car Model,2025-08
cars 24 sell my car,5,Cars24 Sell,2025-08
car 24 sell,5,Cars24 Sell,2025-08
car24 office,5,Cars24,2025-08
cars 24 career,5,Others,2025-08
cars24 arabia careers,5,Others,2025-08
cars24 call,5,Cars24,2025-08
cars24 mussafah,5,Cars24,2025-08
kia seltos cars 24,5,Cars24 + Car Model,2025-08
kia seltos cars24,5,Cars24 + Car Model,2025-08
car 24 delhi,5,Cars24 Cities,2025-08
cars 24 app download,5,Cars24,2025-08
cars 24 logo,5,Others,2025-08
cars 24 owner,5,Cars24,2025-08
cars24 buy used cars,5,Cars24 Buy,2025-08
cars24 corporate office | used cars in dubai,5,Cars24 Buy,2025-08
cars24 driver job salary,5,Others,2025-08
cars24 job vacancy,5,Others,2025-08
cars24 south africa,5,Cars24,2025-08
owner of cars24,5,Cars24,2025-08
call cars24,4,Cars24,2025-08
car 24 customer care number,4,Cars24 Customer Care,2025-08
car24 rent a car,4,Cars24,2025-08
cars24 complaint number,4,Cars24 Customer Care,2025-08
cars24.uae,4,Cars24,2025-08
car24 rental,4,Cars24,2025-08
cars24 address,4,Cars24,2025-08
ccars24,4,Cars24,2025-08
honda accord cars24,4,Cars24,2025-08
honda civic cars 24,4,Cars24 + Car Model,2025-08
sell cars24,4,Cars24 Sell,2025-08
cars24 0 down payment,4,Cars24,2025-08
cars24 car sell,4,Cars24 Sell,2025-08
cars24 exchange offer,4,Cars24,2025-08
cars24 in,4,Cars24,2025-08
cars24 working days,4,Cars24,2025-08
2024 cars for sale,4,Cars24,2025-08
24 car service near me,4,Cars24 Cities,2025-08
car 24 location,4,Cars24,2025-08
car 24 near me,4,Cars24 Cities,2025-08
car24 owner,4,Cars24,2025-08
car24 showroom,4,Cars24,2025-08
cars 24 in kerala,4,Cars24 Cities,2025-08
cars 24 sell car,4,Cars24 Sell,2025-08
cars24 - sell used car in trivandrum used cars,4,Cars24 Sell,2025-08
cars24 ceo email id,4,Cars24,2025-08
cars24 coupon code,4,Cars24,2025-08
cars24 emi calculator,4,Cars24 Buy,2025-08
cars24 head office,4,Cars24 Customer Care,2025-08
cars24 kerala used cars,4,Cars24 Buy,2025-08
cars24 partners,4,Cars24,2025-08
cars24 thrissur,4,Cars24 Cities,2025-08
cars24 thrissur contact number,4,Cars24 Customer Care,2025-08
cars24 vacancy,4,Others,2025-08
cars24.world,4,Cars24,2025-08
jobs at cars24,4,Others,2025-08
rental 24 cars,4,Cars24,2025-08
car24 call center,3,Cars24,2025-08
car24 complaint number,3,Cars24 Customer Care,2025-08
car 24 customer care,3,Cars24 Customer Care,2025-08
cars 24 auction,3,Cars24 Buy,2025-08
cars24 honda civic,3,Cars24 + Car Model,2025-08
car 24 helpline number,3,Cars24 Customer Care,2025-08
car24/7,3,Cars24,2025-08
cars 24 .com,3,Cars24,2025-08
cars 24 careers,3,Others,2025-08
cars 24 used car valuation,3,Cars24 Sell,2025-08
cars24 7 days return policy,3,Cars24,2025-08
cars24 call center number,3,Cars24,2025-08
cars24 dealer,3,Cars24,2025-08
cars24 email,3,Cars24,2025-08
cars24 hr contact number,3,Cars24 Customer Care,2025-08
cars24 insurance,3,Cars24 Buy,2025-08
cars24 loan interest rate,3,Cars24 Buy,2025-08
cars24 range rover,3,Cars24,2025-08
cars24 workshop,3,Cars24,2025-08
fortuner cars 24,3,Cars24 + Car Model,2025-08
jimny cars24,3,Cars24 + Car Model,2025-08
sell car 24,3,Cars24 Sell,2025-08
about cars 24,3,Cars24,2025-08
about cars24,3,Cars24,2025-08
bmw cars24,3,Cars24 + Car Model,2025-08
car 24 7,3,Cars24,2025-08
car 24 jobs,3,Others,2025-08
car 24 logo,3,Others,2025-08
car 24 number,3,Cars24,2025-08
car 24 office,3,Cars24,2025-08
car24 hub near me,3,Cars24 Cities,2025-08
car24.,3,Cars24,2025-08
cars 24 bangalore,3,Cars24 Cities,2025-08
cars 24 buy,3,Cars24 Buy,2025-08
cars 24 customer service,3,Cars24 Customer Care,2025-08
cars 24 delhi,3,Cars24 Cities,2025-08
cars 24 inspection,3,Cars24,2025-08
cars 24 scam,3,Cars24,2025-08
cars24 - sell used car in trivandrum,3,Cars24 Sell,2025-08
cars24 - sell used car in trivandrum photos,3,Cars24 Sell,2025-08
cars24 call centre,3,Cars24,2025-08
cars24 corporate office,3,Cars24,2025-08
cars24 customer reviews,3,Others,2025-08
cars24 ernakulam contact number,3,Cars24 Customer Care,2025-08
cars24 feedback,3,Cars24,2025-08
cars24 garage,3,Cars24,2025-08
cars24 hiring,3,Others,2025-08
cars24 honda city,3,Cars24 + Car Model,2025-08
cars24 hours,3,Cars24,2025-08
cars24 hub near me,3,Cars24 Cities,2025-08
cars24 hubli used cars,3,Cars24 Buy,2025-08
cars24 in india,3,Cars24,2025-08
cars24 india kerala,3,Cars24 Cities,2025-08
cars24 kompally used cars,3,Cars24 Buy,2025-08
cars24 loan eligibility,3,Cars24 Buy,2025-08
cars24 location jebel ali,3,Cars24,2025-08
cars24 main office,3,Cars24,2025-08
cars24 melbourne used cars,3,Cars24 Buy,2025-08
cars24 network,3,Cars24,2025-08
cars24 news,3,Cars24,2025-08
cars24 open now,3,Cars24,2025-08
cars24 partner,3,Cars24,2025-08
cars24 purchase,3,Cars24,2025-08
cars24 rating,3,Cars24,2025-08
cars24 roadside assistance,3,Cars24,2025-08
cars24 services private limited,3,Others,2025-08
cars24 what is cars24,3,Cars24,2025-08
cars24 yard near me,3,Cars24 Cities,2025-08
does cars24 give good price,3,Cars24 Buy,2025-08
ertiga cars24,3,Cars24 + Car Model,2025-08
toyota fortuner cars24,3,Cars24 + Car Model,2025-08
what is cars 24,3,Cars24,2025-08
who owns cars 24,3,Cars24,2025-08
car 24 7 contact number,2,Cars24 Customer Care,2025-08
car24 inspection,2,Cars24,2025-08
cars 24 helpline,2,Cars24 Customer Care,2025-08
cars24 leasing,2,Cars24,2025-08
cars24 number plate check,2,Cars24,2025-08
cars24 services,2,Cars24,2025-08
cars24 used car,2,Cars24 Buy,2025-08
fortuner cars24,2,Cars24 + Car Model,2025-08
fronx cars24,2,Cars24 + Car Model,2025-08
buy car cars24,2,Cars24 Buy,2025-08
buy cars 24,2,Cars24 Buy,2025-08
car 24 .com,2,Cars24,2025-08
car 24 buy car,2,Cars24 Buy,2025-08
car 24 inspection,2,Cars24,2025-08
car24 finance customer care number,2,Cars24 Customer Care,2025-08
car24 second hand car,2,Cars24 Buy,2025-08
cars 24 7,2,Cars24,2025-08
cars24 audi,2,Cars24 + Car Model,2025-08
cars24 bangalore customer care number,2,Cars24 Customer Care,2025-08
cars24 bike,2,Cars24,2025-08
cars24 buy used car,2,Cars24 Buy,2025-08
cars24 customer care number 24 7,2,Cars24 Customer Care,2025-08
cars24 fortuner,2,Cars24 + Car Model,2025-08
cars24 kia seltos,2,Cars24 + Car Model,2025-08
cars24 loan,2,Cars24 Buy,2025-08
cars24 registration,2,Cars24,2025-08
cars24 requirements,2,Cars24,2025-08
cars24 scams,2,Cars24,2025-08
cars24 toll free,2,Cars24 Customer Care,2025-08
hyundai creta cars24,2,Cars24 + Car Model,2025-08
is it good to buy car from cars24,2,Cars24 Buy,2025-08
nissan magnite cars 24,2,Cars24 + Car Model,2025-08
nissan magnite cars24,2,Cars24 + Car Model,2025-08
used car cars24,2,Cars24 Buy,2025-08
24 car wash,2,Cars24,2025-08
apps like cars24,2,Cars24,2025-08
auto24 cars,2,Cars24,2025-08
c24 car,2,Cars24,2025-08
car 24 career,2,Others,2025-08
car 24 cars,2,Cars24,2025-08
car 24 chennai,2,Cars24 Cities,2025-08
car 24 helpline,2,Cars24 Customer Care,2025-08
car 24 hours,2,Cars24,2025-08
car 24 kochi,2,Cars24 Cities,2025-08
car 24 sale,2,Cars24,2025-08
car 24 second hand car,2,Cars24 Buy,2025-08
car 24 used car,2,Cars24 Buy,2025-08
car24 car inspection,2,Cars24,2025-08
car24 head office,2,Cars24 Customer Care,2025-08
car24 job,2,Others,2025-08
car24 login,2,Others,2025-08
car24 number,2,Cars24,2025-08
car24.com india,2,Cars24,2025-08
cars 24 chennai,2,Cars24 Cities,2025-08
cars 24 company,2,Cars24,2025-08
cars 24 contact number,2,Cars24 Customer Care,2025-08
cars 24 head office,2,Cars24 Customer Care,2025-08
cars 24 pune,2,Cars24 Cities,2025-08
cars 24 punjab,2,Cars24 Cities,2025-08
cars 24 sale,2,Cars24,2025-08
cars 240,2,Cars24,2025-08
cars24 - sell used car in kannur photos,2,Cars24 Sell,2025-08
cars24 al aweer,2,Cars24,2025-08
cars24 application,2,Cars24,2025-08
cars24 bangalore address,2,Cars24 Cities,2025-08
cars24 bangalore office address,2,Cars24 Cities,2025-08
cars24 branch near me,2,Cars24 Cities,2025-08
cars24 call number,2,Cars24,2025-08
cars24 car inspection,2,Cars24,2025-08
cars24 contact email,2,Cars24,2025-08
cars24 contact number near me,2,Cars24 Customer Care,2025-08
cars24 customer complaints,2,Cars24 Customer Care,2025-08
cars24 dealership,2,Cars24,2025-08
cars24 dehradun contact number,2,Cars24 Customer Care,2025-08
cars24 dubai jobs,2,Others,2025-08
cars24 franchise contact number,2,Cars24 Customer Care,2025-08
cars24 gaya,2,Cars24 Cities,2025-08
cars24 india customer care,2,Cars24 Customer Care,2025-08
cars24 job,2,Others,2025-08
cars24 karur,2,Cars24,2025-08
cars24 kerala contact number,2,Cars24 Customer Care,2025-08
cars24 loan calculator,2,Cars24 Buy,2025-08
cars24 madurai,2,Cars24 Cities,2025-08
cars24 main branch,2,Cars24,2025-08
cars24 mobile number,2,Cars24 Customer Care,2025-08
cars24 near by,2,Cars24,2025-08
cars24 near me used cars,2,Cars24 Buy,2025-08
cars24 open on sunday,2,Cars24,2025-08
cars24 opening hours,2,Cars24,2025-08
cars24 rent,2,Cars24,2025-08
cars24 reviews google,2,Others,2025-08
cars24 second hand car,2,Cars24 Buy,2025-08
cars24 support,2,Cars24 Customer Care,2025-08
cars24 support email,2,Cars24 Customer Care,2025-08
cars24 suv,2,Cars24,2025-08
cars24 tamil nadu,2,Cars24,2025-08
cars24 taxi,2,Cars24,2025-08
cars24 trivandrum,2,Cars24 Cities,2025-08
cars24 used car valuation,2,Cars24 Sell,2025-08
cars244,2,Cars24,2025-08
cars24x7,2,Cars24,2025-08
ccars 24,2,Cars24,2025-08
how to sell car on cars24,2,Cars24 Sell,2025-08
is buying a car from cars24 genuine,2,Cars24,2025-08
is car24 reliable,2,Cars24,2025-08
is cars24 genuine,2,Cars24,2025-08
is cars24 good,2,Cars24,2025-08
is cars24 reliable for buying car,2,Cars24,2025-08
kia sonet cars24,2,Cars24 + Car Model,2025-08
low price cars24 price,2,Cars24 Buy,2025-08
near cars24,2,Cars24,2025-08
rent a car 24,2,Cars24,2025-08
rent a car 24 hours,2,Cars24,2025-08
second hand cars in cars24,2,Cars24 Buy,2025-08
which is better cars24 or cardekho,2,Cars24,2025-08
who is the owner of cars24,2,Cars24,2025-08
www.car24.com,2,Cars24,2025-08
www.car24.com india,2,Cars24,2025-08
2024 car for sale,1,Cars24,2025-08
24 car sales,1,Cars24,2025-08
buy car from cars24,1,Cars24 Buy,2025-08
call cars 24,1,Cars24,2025-08
car 24 customer care no,1,Cars24 Customer Care,2025-08
car 24 old car,1,Cars24,2025-08
car 24 swift,1,Cars24 + Car Model,2025-08
car24 fine check,1,Cars24 Challan,2025-08
car24 helpline number,1,Cars24 Customer Care,2025-08
car24 toll free number,1,Cars24 Customer Care,2025-08
car24 website,1,Cars24,2025-08
car24*7,1,Cars24,2025-08
cars 24 car sell,1,Cars24 Sell,2025-08
cars 24 second hand car,1,Cars24 Buy,2025-08
cars 24 swift,1,Cars24 + Car Model,2025-08
cars 24 trivandrum,1,Cars24 Cities,2025-08
cars 24.,1,Cars24,2025-08
cars24 challan customer care number,1,Cars24 Challan,2025-08
cars24 commercial car,1,Cars24,2025-08
cars24 commercial vehicle,1,Cars24 Buy,2025-08
cars24 customer care number india 24x7,1,Cars24 Customer Care,2025-08
cars24 escalation,1,Cars24,2025-08
cars24 fine check,1,Cars24 Challan,2025-08
cars24 inspection report download,1,Cars24,2025-08
cars24 insurance check,1,Cars24 Buy,2025-08
cars24 internship,1,Others,2025-08
cars24 loan documents required,1,Cars24 Buy,2025-08
cars24 loan process,1,Cars24 Buy,2025-08
cars24 partner login,1,Others,2025-08
cars24 sale my car,1,Cars24,2025-08
cars24 support number,1,Cars24 Customer Care,2025-08
cars24 trade in,1,Cars24,2025-08
cars24*7,1,Cars24,2025-08
cars24.con,1,Cars24,2025-08
cars24.india,1,Cars24,2025-08
creta cars 24,1,Cars24 + Car Model,2025-08
honda city cars24,1,Cars24 + Car Model,2025-08
my car24,1,Cars24,2025-08
rent car 24,1,Cars24,2025-08
sell car cars24,1,Cars24 Sell,2025-08
swift car 24,1,Cars24 + Car Model,2025-08
what is car24,1,Cars24,2025-08
1:24 cars,1,Cars24,2025-08
24 car insurance,1,Cars24 Buy,2025-08
24 car number plate,1,Others,2025-08
24 car rental service,1,Cars24,2025-08
24 cars bangalore,1,Cars24 Cities,2025-08
24 cars in hyderabad,1,Cars24 Cities,2025-08
24 carwash,1,Cars24,2025-08
auto cars24,1,Cars24,2025-08
bolero cars24,1,Cars24 + Car Model,2025-08
can we bargain with cars24 while buying,1,Cars24,2025-08
car 24 ahemdabad,1,Cars24,2025-08
car 24 bangalore,1,Cars24 Cities,2025-08
car 24 hub,1,Cars24,2025-08
car 24 kakkanad,1,Cars24 Cities,2025-08
car 24 mobile number,1,Cars24 Customer Care,2025-08
car 24 owner,1,Cars24,2025-08
car 24 pune,1,Cars24 Cities,2025-08
car 24 review,1,Others,2025-08
car 24*7,1,Cars24,2025-08
car 24/7 contact number,1,Cars24 Customer Care,2025-08
car valuation cars24,1,Cars24 Sell,2025-08
car24 app,1,Cars24,2025-08
car24 app download,1,Cars24,2025-08
car24 car sell,1,Cars24 Sell,2025-08
car24 careers,1,Others,2025-08
car24 customer care email id,1,Cars24 Customer Care,2025-08
car24 hub,1,Cars24,2025-08
car24 jobs,1,Others,2025-08
car24 owner name,1,Cars24,2025-08
car24 phone number,1,Cars24,2025-08
car24 price,1,Cars24 Buy,2025-08
car24 reviews,1,Others,2025-08
car24 sale,1,Cars24,2025-08
car24 service history,1,Others,2025-08
car24 showroom near me,1,Cars24 Cities,2025-08
car24 south africa,1,Cars24,2025-08
car24 valuation,1,Cars24 Sell,2025-08
car24h,1,Cars24,2025-08
car24s,1,Cars24,2025-08
car24x7,1,Cars24,2025-08
care@cars24.com,1,Cars24,2025-08
cars 24 ad,1,Cars24,2025-08
cars 24 address,1,Cars24,2025-08
cars 24 app download apk,1,Cars24,2025-08
cars 24 australia,1,Cars24,2025-08
cars 24 brisbane,1,Cars24 Cities,2025-08
cars 24 car valuation,1,Cars24 Sell,2025-08
cars 24 carrer,1,Cars24,2025-08
cars 24 cars,1,Cars24,2025-08
cars 24 goa,1,Cars24 Cities,2025-08
cars 24 hr contact number,1,Cars24 Customer Care,2025-08
cars 24 job,1,Others,2025-08
cars 24 office,1,Cars24,2025-08
cars 24 online,1,Cars24,2025-08
cars 24 pdi,1,PDI,2025-08
cars 24 pune office,1,Cars24 Cities,2025-08
cars 24 rent,1,Cars24,2025-08
cars 24 sydney,1,Cars24 Cities,2025-08
cars 24 valuation,1,Cars24 Sell,2025-08
cars cars 24,1,Cars24,2025-08
cars24 - sell used car in varanasi,1,Cars24 Sell,2025-08
cars24 .com,1,Cars24,2025-08
cars24 about,1,Cars24,2025-08
cars24 ads,1,Cars24,2025-08
cars24 affiliate program,1,Cars24,2025-08
cars24 ahmedabad contact number,1,Cars24 Customer Care,2025-08
cars24 alternative,1,Cars24,2025-08
cars24 app download,1,Cars24,2025-08
cars24 app download apk,1,Cars24,2025-08
cars24 app store,1,Cars24,2025-08
cars24 auction app,1,Cars24 Buy,2025-08
cars24 bangalore sell car,1,Cars24 Sell,2025-08
cars24 branches in india,1,Cars24,2025-08
cars24 call centre number,1,Cars24,2025-08
cars24 car buy,1,Cars24 Buy,2025-08
cars24 car loan interest rate,1,Cars24 Buy,2025-08
cars24 car value,1,Cars24 Sell,2025-08
cars24 ceo mail id,1,Cars24,2025-08
cars24 challan check,1,Cars24 Challan,2025-08
cars24 challan payment,1,Cars24 Challan,2025-08
cars24 chennai contact number,1,Cars24 Customer Care,2025-08
cars24 chennai used cars,1,Cars24 Buy,2025-08
cars24 com,1,Cars24,2025-08
cars24 company owner,1,Cars24,2025-08
cars24 complaint email,1,Cars24 Customer Care,2025-08
cars24 corporate head office,1,Cars24 Customer Care,2025-08
cars24 coupons,1,Cars24,2025-08
cars24 customer care number india,1,Cars24 Customer Care,2025-08
cars24 customer care toll free number india 24x7,1,Cars24 Customer Care,2025-08
cars24 customer review,1,Others,2025-08
cars24 dealer app,1,Cars24,2025-08
cars24 dehradun used cars,1,Cars24 Buy,2025-08
cars24 delhi contact number,1,Cars24 Customer Care,2025-08
cars24 delhi used cars,1,Cars24 Buy,2025-08
cars24 discount coupon,1,Cars24,2025-08
cars24 ertiga,1,Cars24 + Car Model,2025-08
cars24 estimate,1,Cars24,2025-08
cars24 extended warranty,1,Cars24,2025-08
cars24 finance,1,Cars24,2025-08
cars24 financial services,1,Cars24 Buy,2025-08
cars24 founded,1,Cars24,2025-08
cars24 gurgaon used cars,1,Cars24 Buy,2025-08
cars24 hassan,1,Cars24,2025-08
cars24 head office address,1,Cars24 Customer Care,2025-08
cars24 history,1,Cars24,2025-08
cars24 home inspection charges,1,Cars24,2025-08
cars24 homepage,1,Cars24,2025-08
cars24 hyderabad,1,Cars24 Cities,2025-08
cars24 hyderabad contact number,1,Cars24 Customer Care,2025-08
cars24 india customer care number,1,Cars24 Customer Care,2025-08
cars24 innova,1,Cars24 + Car Model,2025-08
cars24 inspection app,1,Cars24,2025-08
cars24 inspection report,1,Cars24,2025-08
cars24 jabalpur contact number,1,Cars24 Customer Care,2025-08
cars24 jeep compass,1,Cars24 + Car Model,2025-08
cars24 kalyan,1,Cars24,2025-08
cars24 kochi location,1,Cars24 Cities,2025-08
cars24 kochi phone number,1,Cars24 Cities,2025-08
cars24 kochi used cars,1,Cars24 Buy,2025-08
cars24 lucknow contact number,1,Cars24 Customer Care,2025-08
cars24 luxury cars,1,Cars24 Buy,2025-08
cars24 madurai location,1,Cars24 Cities,2025-08
cars24 mumbai,1,Cars24 Cities,2025-08
cars24 nearby,1,Cars24,2025-08
cars24 network - sell car in pune - pune cars,1,Cars24 Sell,2025-08
cars24 new car,1,Cars24 Buy,2025-08
cars24 number plate,1,Cars24,2025-08
cars24 office in bangalore,1,Cars24 Cities,2025-08
cars24 office timings,1,Cars24,2025-08
cars24 online valuation,1,Cars24 Sell,2025-08
cars24 opening time,1,Cars24,2025-08
cars24 owned by,1,Cars24,2025-08
cars24 playstore,1,Cars24,2025-08
cars24 price check,1,Cars24 Buy,2025-08
cars24 process to sell car,1,Cars24 Sell,2025-08
cars24 pune sell car,1,Cars24 Sell,2025-08
cars24 punjab,1,Cars24 Cities,2025-08
cars24 rajasthan,1,Cars24,2025-08
cars24 return policy,1,Cars24,2025-08
cars24 review for buying,1,Others,2025-08
cars24 review for selling,1,Others,2025-08
cars24 reviews complaints,1,Cars24 Customer Care,2025-08
cars24 salem,1,Cars24 Cities,2025-08
cars24 scam,1,Cars24,2025-08
cars24 sell car contact number,1,Cars24 Customer Care,2025-08
cars24 selling experience,1,Cars24,2025-08
cars24 seltos,1,Cars24,2025-08
cars24 service history,1,Others,2025-08
cars24 showroom in chennai,1,Cars24 Cities,2025-08
cars24 similar companies,1,Cars24,2025-08
cars24 slack,1,Cars24,2025-08
cars24 started in which year,1,Cars24,2025-08
"cars24 store - sell used car in east-of-kailash, new delhi",1,Cars24 Sell,2025-08
cars24 tamilnadu,1,Cars24,2025-08
cars24 toll free number india 24x7,1,Cars24 Customer Care,2025-08
cars24 undri,1,Cars24,2025-08
cars24 used car loan,1,Cars24 Buy,2025-08
cars24 value,1,Cars24,2025-08
cars24 value check,1,Cars24,2025-08
cars24 vehicle details,1,Others,2025-08
cars24 vehicle inspection,1,Cars24,2025-08
cars24 victoria,1,Cars24,2025-08
cars24 vijaya mall,1,Cars24,2025-08
cars24 warranty review,1,Others,2025-08
cars24',1,Cars24,2025-08
"cars24,com",1,Cars24,2025-08
cars24\,1,Cars24,2025-08
ccar24,1,Cars24,2025-08
contact cars24,1,Cars24,2025-08
creta cars24,1,Cars24 + Car Model,2025-08
delete cars24 account,1,Cars24,2025-08
download cars24 app,1,Cars24,2025-08
e challan cars24,1,Cars24 Challan,2025-08
echallan cars24,1,Cars24 Challan,2025-08
ertiga cars 24,1,Cars24 + Car Model,2025-08
ford figo cars24,1,Cars24 + Car Model,2025-08
fronx cars 24,1,Cars24 + Car Model,2025-08
ghana cars 24,1,Cars24,2025-08
global cars 247,1,Cars24,2025-08
honda city cars 24,1,Cars24 + Car Model,2025-08
how cars24 auction works,1,Cars24 Buy,2025-08
how cars24 works,1,Cars24,2025-08
how to delete cars24 account,1,Cars24,2025-08
https //www.cars24.com challan,1,Cars24 Challan,2025-08
hyundai venue cars24,1,Cars24 + Car Model,2025-08
is cars24 a good company,1,Cars24,2025-08
is cars24 good to buy cars,1,Cars24 Buy,2025-08
is cars24 open on sunday,1,Cars24,2025-08
is cars24 reliable to sell cars,1,Cars24 Sell,2025-08
is cars24 trustworthy,1,Cars24,2025-08
is it safe to buy car from cars24,1,Cars24 Buy,2025-08
jobs in cars 24,1,Others,2025-08
kia sonet cars 24,1,Cars24 + Car Model,2025-08
mercedes cars24,1,Cars24 + Car Model,2025-08
mini cooper cars24,1,Cars24,2025-08
my car 24,1,Cars24,2025-08
my cars 24,1,Cars24,2025-08
near cars24 showroom,1,Cars24,2025-08
nearest cars24 showroom,1,Cars24,2025-08
pajero cars24,1,Cars24,2025-08
polo gt cars24,1,Cars24 + Car Model,2025-08
rent cars 24,1,Cars24,2025-08
s24 car,1,Cars24,2025-08
scars24,1,Cars24,2025-08
second hand car24,1,Cars24 Buy,2025-08
selling car on cars24 review,1,Others,2025-08
site:cars24.com,1,Cars24,2025-08
skoda superb cars24,1,Cars24 + Car Model,2025-08
swift cars24,1,Cars24 + Car Model,2025-08
used 2024 cars,1,Cars24,2025-08
used car valuation cars24,1,Cars24 Sell,2025-08
used creta in bangalore cars24,1,Cars24 + Car Model,2025-08
volkswagen polo cars24,1,Cars24 + Car Model,2025-08
where is cars24 located,1,Cars24,2025-08
www.car 24.com,1,Cars24,2025-08
www.cars24,1,Cars24,2025-08
www.cars24.com india,1,Cars24,2025-08
